Modelo,Acurácia Treino,Acurácia Teste,Diferença Acurácia,Recall Treino,Recall Teste,Diferença Recall
Gradient Boosting Otimizado,0.9771986970684039,0.7532467532467533,0.22395194382165062,0.9532710280373832,0.6296296296296297,0.3236413984077535
Random Forest Otimizado,0.8420195439739414,0.7402597402597403,0.10175980371420112,0.8598130841121495,0.7407407407407407,0.11907234337140882
SVC,0.8403908794788274,0.7402597402597403,0.10013113921908712,0.6728971962616822,0.5555555555555556,0.11734164070612663
Regressão Logística,0.7964169381107492,0.7077922077922078,0.08862473031854146,0.5934579439252337,0.5,0.09345794392523366
KNN,0.8289902280130294,0.7532467532467533,0.07574347476627608,0.719626168224299,0.6111111111111112,0.10851505711318787
Árvore de Decisão Otimizada,0.7280130293159609,0.6818181818181818,0.046194847497779135,0.8878504672897196,0.8518518518518519,0.035998615437867754
Árvore de Decisão,0.7947882736156352,0.7857142857142857,0.0090739879013495,0.7289719626168224,0.6851851851851852,0.04378677743163717
