,Pregnancies,Glucose,BloodPressure,SkinThickness,Insulin,BMI,DiabetesPedigreeFunction,Age
Sem Diabetes,3.298,109.98,68.184,19.664,68.792,30.3042,0.429734,31.19
Com Diabetes,4.865671641791045,141.25746268656715,70.82462686567165,22.16417910447761,100.33582089552239,35.14253731343284,0.5505,37.06716417910448
