Coluna,Quantidade de zeros,Percentual (%)
Glucose,5,0.6510416666666667
BloodPressure,35,4.557291666666666
SkinThickness,227,29.557291666666668
Insulin,374,48.69791666666667
BMI,11,1.4322916666666665
